"clase","nombre_clase","estado_clave","estado","total"
"621113","Consultorios de medicina especializada del sector privado","10","Durango","412"
"621113","Consultorios de medicina especializada del sector privado","11","Guanajuato","2481"
"621113","Consultorios de medicina especializada del sector privado","12","Guerrero","464"
"621113","Consultorios de medicina especializada del sector privado","13","Hidalgo","571"
"621113","Consultorios de medicina especializada del sector privado","14","Jalisco","2578"
"621113","Consultorios de medicina especializada del sector privado","15","México","2119"
"621113","Consultorios de medicina especializada del sector privado","16","Michoacán","1717"
"621113","Consultorios de medicina especializada del sector privado","17","Morelos","522"
"621113","Consultorios de medicina especializada del sector privado","18","Nayarit","381"
"621113","Consultorios de medicina especializada del sector privado","19","Nuevo León","2477"
"621113","Consultorios de medicina especializada del sector privado","20","Oaxaca","733"
"621113","Consultorios de medicina especializada del sector privado","21","Puebla","1606"
"621113","Consultorios de medicina especializada del sector privado","22","Querétaro","1171"
"621113","Consultorios de medicina especializada del sector privado","23","Quintana Roo","288"
"621113","Consultorios de medicina especializada del sector privado","24","San Luis Potosí","979"
"621113","Consultorios de medicina especializada del sector privado","25","Sinaloa","1351"
"621113","Consultorios de medicina especializada del sector privado","26","Sonora","1283"
"621113","Consultorios de medicina especializada del sector privado","27","Tabasco","571"
"621113","Consultorios de medicina especializada del sector privado","28","Tamaulipas","1312"
"621113","Consultorios de medicina especializada del sector privado","29","Tlaxcala","169"
"621113","Consultorios de medicina especializada del sector privado","30","Veracruz","1557"
"621113","Consultorios de medicina especializada del sector privado","31","Yucatán","1277"
"621113","Consultorios de medicina especializada del sector privado","32","Zacatecas","474"
"621113","Consultorios de medicina especializada del sector privado","01","Aguascalientes","679"
"621113","Consultorios de medicina especializada del sector privado","02","Baja California","1359"
"621113","Consultorios de medicina especializada del sector privado","03","Baja California Sur","285"
"621113","Consultorios de medicina especializada del sector privado","04","Campeche","332"
"621113","Consultorios de medicina especializada del sector privado","05","Coahuila","1179"
"621113","Consultorios de medicina especializada del sector privado","06","Colima","447"
"621113","Consultorios de medicina especializada del sector privado","07","Chiapas","870"
"621113","Consultorios de medicina especializada del sector privado","08","Chihuahua","1379"
"621113","Consultorios de medicina especializada del sector privado","09","Ciudad de México","3195"
"621331","Consultorios de psicología del sector privado","10","Durango","201"
"621331","Consultorios de psicología del sector privado","11","Guanajuato","645"
"621331","Consultorios de psicología del sector privado","12","Guerrero","94"
"621331","Consultorios de psicología del sector privado","13","Hidalgo","333"
"621331","Consultorios de psicología del sector privado","14","Jalisco","739"
"621331","Consultorios de psicología del sector privado","15","México","1565"
"621331","Consultorios de psicología del sector privado","16","Michoacán","640"
"621331","Consultorios de psicología del sector privado","17","Morelos","173"
"621331","Consultorios de psicología del sector privado","18","Nayarit","144"
"621331","Consultorios de psicología del sector privado","19","Nuevo León","524"
"621331","Consultorios de psicología del sector privado","20","Oaxaca","309"
"621331","Consultorios de psicología del sector privado","21","Puebla","490"
"621331","Consultorios de psicología del sector privado","22","Querétaro","267"
"621331","Consultorios de psicología del sector privado","23","Quintana Roo","40"
"621331","Consultorios de psicología del sector privado","24","San Luis Potosí","368"
"621331","Consultorios de psicología del sector privado","25","Sinaloa","378"
"621331","Consultorios de psicología del sector privado","26","Sonora","341"
"621331","Consultorios de psicología del sector privado","27","Tabasco","82"
"621331","Consultorios de psicología del sector privado","28","Tamaulipas","201"
"621331","Consultorios de psicología del sector privado","29","Tlaxcala","156"
"621331","Consultorios de psicología del sector privado","30","Veracruz","423"
"621331","Consultorios de psicología del sector privado","31","Yucatán","194"
"621331","Consultorios de psicología del sector privado","32","Zacatecas","238"
"621331","Consultorios de psicología del sector privado","01","Aguascalientes","214"
"621331","Consultorios de psicología del sector privado","02","Baja California","543"
"621331","Consultorios de psicología del sector privado","03","Baja California Sur","82"
"621331","Consultorios de psicología del sector privado","04","Campeche","50"
"621331","Consultorios de psicología del sector privado","05","Coahuila","225"
"621331","Consultorios de psicología del sector privado","06","Colima","112"
"621331","Consultorios de psicología del sector privado","07","Chiapas","202"
"621331","Consultorios de psicología del sector privado","08","Chihuahua","341"
"621331","Consultorios de psicología del sector privado","09","Ciudad de México","753"
"621341","Consultorios del sector privado de audiología y de terapia ocupacional, física y del lenguaje","10","Durango","124"
"621341","Consultorios del sector privado de audiología y de terapia ocupacional, física y del lenguaje","11","Guanajuato","503"
"621341","Consultorios del sector privado de audiología y de terapia ocupacional, física y del lenguaje","12","Guerrero","154"
"621341","Consultorios del sector privado de audiología y de terapia ocupacional, física y del lenguaje","13","Hidalgo","387"
"621341","Consultorios del sector privado de audiología y de terapia ocupacional, física y del lenguaje","14","Jalisco","557"
"621341","Consultorios del sector privado de audiología y de terapia ocupacional, física y del lenguaje","15","México","898"
"621341","Consultorios del sector privado de audiología y de terapia ocupacional, física y del lenguaje","16","Michoacán","355"
"621341","Consultorios del sector privado de audiología y de terapia ocupacional, física y del lenguaje","17","Morelos","154"
"621341","Consultorios del sector privado de audiología y de terapia ocupacional, física y del lenguaje","18","Nayarit","105"
"621341","Consultorios del sector privado de audiología y de terapia ocupacional, física y del lenguaje","19","Nuevo León","229"
"621341","Consultorios del sector privado de audiología y de terapia ocupacional, física y del lenguaje","20","Oaxaca","385"
"621341","Consultorios del sector privado de audiología y de terapia ocupacional, física y del lenguaje","21","Puebla","948"
"621341","Consultorios del sector privado de audiología y de terapia ocupacional, física y del lenguaje","22","Querétaro","345"
"621341","Consultorios del sector privado de audiología y de terapia ocupacional, física y del lenguaje","23","Quintana Roo","61"
"621341","Consultorios del sector privado de audiología y de terapia ocupacional, física y del lenguaje","24","San Luis Potosí","170"
"621341","Consultorios del sector privado de audiología y de terapia ocupacional, física y del lenguaje","25","Sinaloa","330"
"621341","Consultorios del sector privado de audiología y de terapia ocupacional, física y del lenguaje","26","Sonora","256"
"621341","Consultorios del sector privado de audiología y de terapia ocupacional, física y del lenguaje","27","Tabasco","97"
"621341","Consultorios del sector privado de audiología y de terapia ocupacional, física y del lenguaje","28","Tamaulipas","161"
"621341","Consultorios del sector privado de audiología y de terapia ocupacional, física y del lenguaje","29","Tlaxcala","173"
"621341","Consultorios del sector privado de audiología y de terapia ocupacional, física y del lenguaje","30","Veracruz","432"
"621341","Consultorios del sector privado de audiología y de terapia ocupacional, física y del lenguaje","31","Yucatán","262"
"621341","Consultorios del sector privado de audiología y de terapia ocupacional, física y del lenguaje","32","Zacatecas","142"
"621341","Consultorios del sector privado de audiología y de terapia ocupacional, física y del lenguaje","01","Aguascalientes","219"
"621341","Consultorios del sector privado de audiología y de terapia ocupacional, física y del lenguaje","02","Baja California","187"
"621341","Consultorios del sector privado de audiología y de terapia ocupacional, física y del lenguaje","03","Baja California Sur","80"
"621341","Consultorios del sector privado de audiología y de terapia ocupacional, física y del lenguaje","04","Campeche","70"
"621341","Consultorios del sector privado de audiología y de terapia ocupacional, física y del lenguaje","05","Coahuila","176"
"621341","Consultorios del sector privado de audiología y de terapia ocupacional, física y del lenguaje","06","Colima","40"
"621341","Consultorios del sector privado de audiología y de terapia ocupacional, física y del lenguaje","07","Chiapas","195"
"621341","Consultorios del sector privado de audiología y de terapia ocupacional, física y del lenguaje","08","Chihuahua","211"
"621341","Consultorios del sector privado de audiología y de terapia ocupacional, física y del lenguaje","09","Ciudad de México","536"
"611182","Escuelas del sector público de educación para necesidades especiales","10","Durango","69"
"611182","Escuelas del sector público de educación para necesidades especiales","11","Guanajuato","124"
"611182","Escuelas del sector público de educación para necesidades especiales","12","Guerrero","120"
"611182","Escuelas del sector público de educación para necesidades especiales","13","Hidalgo","49"
"611182","Escuelas del sector público de educación para necesidades especiales","14","Jalisco","242"
"611182","Escuelas del sector público de educación para necesidades especiales","15","México","310"
"611182","Escuelas del sector público de educación para necesidades especiales","16","Michoacán","97"
"611182","Escuelas del sector público de educación para necesidades especiales","17","Morelos","52"
"611182","Escuelas del sector público de educación para necesidades especiales","18","Nayarit","57"
"611182","Escuelas del sector público de educación para necesidades especiales","19","Nuevo León","239"
"611182","Escuelas del sector público de educación para necesidades especiales","20","Oaxaca","63"
"611182","Escuelas del sector público de educación para necesidades especiales","21","Puebla","88"
"611182","Escuelas del sector público de educación para necesidades especiales","22","Querétaro","43"
"611182","Escuelas del sector público de educación para necesidades especiales","23","Quintana Roo","33"
"611182","Escuelas del sector público de educación para necesidades especiales","24","San Luis Potosí","75"
"611182","Escuelas del sector público de educación para necesidades especiales","25","Sinaloa","198"
"611182","Escuelas del sector público de educación para necesidades especiales","26","Sonora","406"
"611182","Escuelas del sector público de educación para necesidades especiales","27","Tabasco","139"
"611182","Escuelas del sector público de educación para necesidades especiales","28","Tamaulipas","134"
"611182","Escuelas del sector público de educación para necesidades especiales","29","Tlaxcala","101"
"611182","Escuelas del sector público de educación para necesidades especiales","30","Veracruz","246"
"611182","Escuelas del sector público de educación para necesidades especiales","31","Yucatán","256"
"611182","Escuelas del sector público de educación para necesidades especiales","32","Zacatecas","71"
"611182","Escuelas del sector público de educación para necesidades especiales","01","Aguascalientes","33"
"611182","Escuelas del sector público de educación para necesidades especiales","02","Baja California","157"
"611182","Escuelas del sector público de educación para necesidades especiales","03","Baja California Sur","39"
"611182","Escuelas del sector público de educación para necesidades especiales","04","Campeche","59"
"611182","Escuelas del sector público de educación para necesidades especiales","05","Coahuila","164"
"611182","Escuelas del sector público de educación para necesidades especiales","06","Colima","25"
"611182","Escuelas del sector público de educación para necesidades especiales","07","Chiapas","84"
"611182","Escuelas del sector público de educación para necesidades especiales","08","Chihuahua","94"
"611182","Escuelas del sector público de educación para necesidades especiales","09","Ciudad de México","322"
"623991","Orfanatos y otras residencias de asistencia social del sector privado","10","Durango","8"
"623991","Orfanatos y otras residencias de asistencia social del sector privado","11","Guanajuato","45"
"623991","Orfanatos y otras residencias de asistencia social del sector privado","12","Guerrero","17"
"623991","Orfanatos y otras residencias de asistencia social del sector privado","13","Hidalgo","12"
"623991","Orfanatos y otras residencias de asistencia social del sector privado","14","Jalisco","79"
"623991","Orfanatos y otras residencias de asistencia social del sector privado","15","México","41"
"623991","Orfanatos y otras residencias de asistencia social del sector privado","16","Michoacán","25"
"623991","Orfanatos y otras residencias de asistencia social del sector privado","17","Morelos","16"
"623991","Orfanatos y otras residencias de asistencia social del sector privado","18","Nayarit","6"
"623991","Orfanatos y otras residencias de asistencia social del sector privado","19","Nuevo León","38"
"623991","Orfanatos y otras residencias de asistencia social del sector privado","20","Oaxaca","26"
"623991","Orfanatos y otras residencias de asistencia social del sector privado","21","Puebla","35"
"623991","Orfanatos y otras residencias de asistencia social del sector privado","22","Querétaro","32"
"623991","Orfanatos y otras residencias de asistencia social del sector privado","23","Quintana Roo","8"
"623991","Orfanatos y otras residencias de asistencia social del sector privado","24","San Luis Potosí","26"
"623991","Orfanatos y otras residencias de asistencia social del sector privado","25","Sinaloa","9"
"623991","Orfanatos y otras residencias de asistencia social del sector privado","26","Sonora","42"
"623991","Orfanatos y otras residencias de asistencia social del sector privado","27","Tabasco","6"
"623991","Orfanatos y otras residencias de asistencia social del sector privado","28","Tamaulipas","37"
"623991","Orfanatos y otras residencias de asistencia social del sector privado","29","Tlaxcala","5"
"623991","Orfanatos y otras residencias de asistencia social del sector privado","30","Veracruz","44"
"623991","Orfanatos y otras residencias de asistencia social del sector privado","31","Yucatán","19"
"623991","Orfanatos y otras residencias de asistencia social del sector privado","32","Zacatecas","0"
"623991","Orfanatos y otras residencias de asistencia social del sector privado","01","Aguascalientes","11"
"623991","Orfanatos y otras residencias de asistencia social del sector privado","02","Baja California","80"
"623991","Orfanatos y otras residencias de asistencia social del sector privado","03","Baja California Sur","4"
"623991","Orfanatos y otras residencias de asistencia social del sector privado","04","Campeche","5"
"623991","Orfanatos y otras residencias de asistencia social del sector privado","05","Coahuila","32"
"623991","Orfanatos y otras residencias de asistencia social del sector privado","06","Colima","18"
"623991","Orfanatos y otras residencias de asistencia social del sector privado","07","Chiapas","30"
"623991","Orfanatos y otras residencias de asistencia social del sector privado","08","Chihuahua","81"
"623991","Orfanatos y otras residencias de asistencia social del sector privado","09","Ciudad de México","107"
"611181","Escuelas del sector privado de educación para necesidades especiales","10","Durango","3"
"611181","Escuelas del sector privado de educación para necesidades especiales","11","Guanajuato","21"
"611181","Escuelas del sector privado de educación para necesidades especiales","12","Guerrero","7"
"611181","Escuelas del sector privado de educación para necesidades especiales","13","Hidalgo","5"
"611181","Escuelas del sector privado de educación para necesidades especiales","14","Jalisco","32"
"611181","Escuelas del sector privado de educación para necesidades especiales","15","México","69"
"611181","Escuelas del sector privado de educación para necesidades especiales","16","Michoacán","19"
"611181","Escuelas del sector privado de educación para necesidades especiales","17","Morelos","21"
"611181","Escuelas del sector privado de educación para necesidades especiales","18","Nayarit","3"
"611181","Escuelas del sector privado de educación para necesidades especiales","19","Nuevo León","50"
"611181","Escuelas del sector privado de educación para necesidades especiales","20","Oaxaca","15"
"611181","Escuelas del sector privado de educación para necesidades especiales","21","Puebla","28"
"611181","Escuelas del sector privado de educación para necesidades especiales","22","Querétaro","20"
"611181","Escuelas del sector privado de educación para necesidades especiales","23","Quintana Roo","5"
"611181","Escuelas del sector privado de educación para necesidades especiales","24","San Luis Potosí","12"
"611181","Escuelas del sector privado de educación para necesidades especiales","25","Sinaloa","28"
"611181","Escuelas del sector privado de educación para necesidades especiales","26","Sonora","19"
"611181","Escuelas del sector privado de educación para necesidades especiales","27","Tabasco","9"
"611181","Escuelas del sector privado de educación para necesidades especiales","28","Tamaulipas","18"
"611181","Escuelas del sector privado de educación para necesidades especiales","29","Tlaxcala","5"
"611181","Escuelas del sector privado de educación para necesidades especiales","30","Veracruz","27"
"611181","Escuelas del sector privado de educación para necesidades especiales","31","Yucatán","6"
"611181","Escuelas del sector privado de educación para necesidades especiales","32","Zacatecas","2"
"611181","Escuelas del sector privado de educación para necesidades especiales","01","Aguascalientes","7"
"611181","Escuelas del sector privado de educación para necesidades especiales","02","Baja California","30"
"611181","Escuelas del sector privado de educación para necesidades especiales","03","Baja California Sur","3"
"611181","Escuelas del sector privado de educación para necesidades especiales","04","Campeche","6"
"611181","Escuelas del sector privado de educación para necesidades especiales","05","Coahuila","18"
"611181","Escuelas del sector privado de educación para necesidades especiales","06","Colima","5"
"611181","Escuelas del sector privado de educación para necesidades especiales","07","Chiapas","15"
"611181","Escuelas del sector privado de educación para necesidades especiales","08","Chihuahua","15"
"611181","Escuelas del sector privado de educación para necesidades especiales","09","Ciudad de México","52"
"623992","Orfanatos y otras residencias de asistencia social del sector público","10","Durango","21"
"623992","Orfanatos y otras residencias de asistencia social del sector público","11","Guanajuato","7"
"623992","Orfanatos y otras residencias de asistencia social del sector público","12","Guerrero","50"
"623992","Orfanatos y otras residencias de asistencia social del sector público","13","Hidalgo","13"
"623992","Orfanatos y otras residencias de asistencia social del sector público","14","Jalisco","14"
"623992","Orfanatos y otras residencias de asistencia social del sector público","15","México","14"
"623992","Orfanatos y otras residencias de asistencia social del sector público","16","Michoacán","57"
"623992","Orfanatos y otras residencias de asistencia social del sector público","17","Morelos","1"
"623992","Orfanatos y otras residencias de asistencia social del sector público","18","Nayarit","7"
"623992","Orfanatos y otras residencias de asistencia social del sector público","19","Nuevo León","7"
"623992","Orfanatos y otras residencias de asistencia social del sector público","20","Oaxaca","125"
"623992","Orfanatos y otras residencias de asistencia social del sector público","21","Puebla","25"
"623992","Orfanatos y otras residencias de asistencia social del sector público","22","Querétaro","11"
"623992","Orfanatos y otras residencias de asistencia social del sector público","23","Quintana Roo","5"
"623992","Orfanatos y otras residencias de asistencia social del sector público","24","San Luis Potosí","26"
"623992","Orfanatos y otras residencias de asistencia social del sector público","25","Sinaloa","27"
"623992","Orfanatos y otras residencias de asistencia social del sector público","26","Sonora","17"
"623992","Orfanatos y otras residencias de asistencia social del sector público","27","Tabasco","4"
"623992","Orfanatos y otras residencias de asistencia social del sector público","28","Tamaulipas","14"
"623992","Orfanatos y otras residencias de asistencia social del sector público","29","Tlaxcala","4"
"623992","Orfanatos y otras residencias de asistencia social del sector público","30","Veracruz","32"
"623992","Orfanatos y otras residencias de asistencia social del sector público","31","Yucatán","15"
"623992","Orfanatos y otras residencias de asistencia social del sector público","32","Zacatecas","15"
"623992","Orfanatos y otras residencias de asistencia social del sector público","01","Aguascalientes","5"
"623992","Orfanatos y otras residencias de asistencia social del sector público","02","Baja California","5"
"623992","Orfanatos y otras residencias de asistencia social del sector público","03","Baja California Sur","15"
"623992","Orfanatos y otras residencias de asistencia social del sector público","04","Campeche","13"
"623992","Orfanatos y otras residencias de asistencia social del sector público","05","Coahuila","14"
"623992","Orfanatos y otras residencias de asistencia social del sector público","06","Colima","2"
"623992","Orfanatos y otras residencias de asistencia social del sector público","07","Chiapas","45"
"623992","Orfanatos y otras residencias de asistencia social del sector público","08","Chihuahua","32"
"623992","Orfanatos y otras residencias de asistencia social del sector público","09","Ciudad de México","24"
"622311","Hospitales del sector privado de otras especialidades médicas","10","Durango","10"
"622311","Hospitales del sector privado de otras especialidades médicas","11","Guanajuato","61"
"622311","Hospitales del sector privado de otras especialidades médicas","12","Guerrero","22"
"622311","Hospitales del sector privado de otras especialidades médicas","13","Hidalgo","32"
"622311","Hospitales del sector privado de otras especialidades médicas","14","Jalisco","91"
"622311","Hospitales del sector privado de otras especialidades médicas","15","México","116"
"622311","Hospitales del sector privado de otras especialidades médicas","16","Michoacán","46"
"622311","Hospitales del sector privado de otras especialidades médicas","17","Morelos","27"
"622311","Hospitales del sector privado de otras especialidades médicas","18","Nayarit","8"
"622311","Hospitales del sector privado de otras especialidades médicas","19","Nuevo León","56"
"622311","Hospitales del sector privado de otras especialidades médicas","20","Oaxaca","32"
"622311","Hospitales del sector privado de otras especialidades médicas","21","Puebla","36"
"622311","Hospitales del sector privado de otras especialidades médicas","22","Querétaro","24"
"622311","Hospitales del sector privado de otras especialidades médicas","23","Quintana Roo","9"
"622311","Hospitales del sector privado de otras especialidades médicas","24","San Luis Potosí","23"
"622311","Hospitales del sector privado de otras especialidades médicas","25","Sinaloa","29"
"622311","Hospitales del sector privado de otras especialidades médicas","26","Sonora","31"
"622311","Hospitales del sector privado de otras especialidades médicas","27","Tabasco","10"
"622311","Hospitales del sector privado de otras especialidades médicas","28","Tamaulipas","41"
"622311","Hospitales del sector privado de otras especialidades médicas","29","Tlaxcala","6"
"622311","Hospitales del sector privado de otras especialidades médicas","30","Veracruz","44"
"622311","Hospitales del sector privado de otras especialidades médicas","31","Yucatán","27"
"622311","Hospitales del sector privado de otras especialidades médicas","32","Zacatecas","14"
"622311","Hospitales del sector privado de otras especialidades médicas","01","Aguascalientes","11"
"622311","Hospitales del sector privado de otras especialidades médicas","02","Baja California","62"
"622311","Hospitales del sector privado de otras especialidades médicas","03","Baja California Sur","5"
"622311","Hospitales del sector privado de otras especialidades médicas","04","Campeche","2"
"622311","Hospitales del sector privado de otras especialidades médicas","05","Coahuila","38"
"622311","Hospitales del sector privado de otras especialidades médicas","06","Colima","16"
"622311","Hospitales del sector privado de otras especialidades médicas","07","Chiapas","25"
"622311","Hospitales del sector privado de otras especialidades médicas","08","Chihuahua","47"
"622311","Hospitales del sector privado de otras especialidades médicas","09","Ciudad de México","81"
"621332","Consultorios de psicología del sector público","10","Durango","6"
"621332","Consultorios de psicología del sector público","11","Guanajuato","10"
"621332","Consultorios de psicología del sector público","12","Guerrero","4"
"621332","Consultorios de psicología del sector público","13","Hidalgo","10"
"621332","Consultorios de psicología del sector público","14","Jalisco","19"
"621332","Consultorios de psicología del sector público","15","México","36"
"621332","Consultorios de psicología del sector público","16","Michoacán","11"
"621332","Consultorios de psicología del sector público","17","Morelos","14"
"621332","Consultorios de psicología del sector público","18","Nayarit","9"
"621332","Consultorios de psicología del sector público","19","Nuevo León","20"
"621332","Consultorios de psicología del sector público","20","Oaxaca","4"
"621332","Consultorios de psicología del sector público","21","Puebla","10"
"621332","Consultorios de psicología del sector público","22","Querétaro","5"
"621332","Consultorios de psicología del sector público","23","Quintana Roo","5"
"621332","Consultorios de psicología del sector público","24","San Luis Potosí","9"
"621332","Consultorios de psicología del sector público","25","Sinaloa","14"
"621332","Consultorios de psicología del sector público","26","Sonora","14"
"621332","Consultorios de psicología del sector público","27","Tabasco","3"
"621332","Consultorios de psicología del sector público","28","Tamaulipas","5"
"621332","Consultorios de psicología del sector público","29","Tlaxcala","4"
"621332","Consultorios de psicología del sector público","30","Veracruz","15"
"621332","Consultorios de psicología del sector público","31","Yucatán","6"
"621332","Consultorios de psicología del sector público","32","Zacatecas","13"
"621332","Consultorios de psicología del sector público","01","Aguascalientes","11"
"621332","Consultorios de psicología del sector público","02","Baja California","11"
"621332","Consultorios de psicología del sector público","03","Baja California Sur","2"
"621332","Consultorios de psicología del sector público","04","Campeche","4"
"621332","Consultorios de psicología del sector público","05","Coahuila","11"
"621332","Consultorios de psicología del sector público","06","Colima","5"
"621332","Consultorios de psicología del sector público","07","Chiapas","5"
"621332","Consultorios de psicología del sector público","08","Chihuahua","13"
"621332","Consultorios de psicología del sector público","09","Ciudad de México","21"
"621342","Consultorios del sector público de audiología y de terapia ocupacional, física y del lenguaje","10","Durango","24"
"621342","Consultorios del sector público de audiología y de terapia ocupacional, física y del lenguaje","11","Guanajuato","18"
"621342","Consultorios del sector público de audiología y de terapia ocupacional, física y del lenguaje","12","Guerrero","25"
"621342","Consultorios del sector público de audiología y de terapia ocupacional, física y del lenguaje","13","Hidalgo","52"
"621342","Consultorios del sector público de audiología y de terapia ocupacional, física y del lenguaje","14","Jalisco","54"
"621342","Consultorios del sector público de audiología y de terapia ocupacional, física y del lenguaje","15","México","71"
"621342","Consultorios del sector público de audiología y de terapia ocupacional, física y del lenguaje","16","Michoacán","30"
"621342","Consultorios del sector público de audiología y de terapia ocupacional, física y del lenguaje","17","Morelos","20"
"621342","Consultorios del sector público de audiología y de terapia ocupacional, física y del lenguaje","18","Nayarit","9"
"621342","Consultorios del sector público de audiología y de terapia ocupacional, física y del lenguaje","19","Nuevo León","40"
"621342","Consultorios del sector público de audiología y de terapia ocupacional, física y del lenguaje","20","Oaxaca","42"
"621342","Consultorios del sector público de audiología y de terapia ocupacional, física y del lenguaje","21","Puebla","73"
"621342","Consultorios del sector público de audiología y de terapia ocupacional, física y del lenguaje","22","Querétaro","12"
"621342","Consultorios del sector público de audiología y de terapia ocupacional, física y del lenguaje","23","Quintana Roo","11"
"621342","Consultorios del sector público de audiología y de terapia ocupacional, física y del lenguaje","24","San Luis Potosí","36"
"621342","Consultorios del sector público de audiología y de terapia ocupacional, física y del lenguaje","25","Sinaloa","26"
"621342","Consultorios del sector público de audiología y de terapia ocupacional, física y del lenguaje","26","Sonora","38"
"621342","Consultorios del sector público de audiología y de terapia ocupacional, física y del lenguaje","27","Tabasco","23"
"621342","Consultorios del sector público de audiología y de terapia ocupacional, física y del lenguaje","28","Tamaulipas","20"
"621342","Consultorios del sector público de audiología y de terapia ocupacional, física y del lenguaje","29","Tlaxcala","35"
"621342","Consultorios del sector público de audiología y de terapia ocupacional, física y del lenguaje","30","Veracruz","40"
"621342","Consultorios del sector público de audiología y de terapia ocupacional, física y del lenguaje","31","Yucatán","67"
"621342","Consultorios del sector público de audiología y de terapia ocupacional, física y del lenguaje","32","Zacatecas","32"
"621342","Consultorios del sector público de audiología y de terapia ocupacional, física y del lenguaje","01","Aguascalientes","3"
"621342","Consultorios del sector público de audiología y de terapia ocupacional, física y del lenguaje","02","Baja California","9"
"621342","Consultorios del sector público de audiología y de terapia ocupacional, física y del lenguaje","03","Baja California Sur","7"
"621342","Consultorios del sector público de audiología y de terapia ocupacional, física y del lenguaje","04","Campeche","13"
"621342","Consultorios del sector público de audiología y de terapia ocupacional, física y del lenguaje","05","Coahuila","26"
"621342","Consultorios del sector público de audiología y de terapia ocupacional, física y del lenguaje","06","Colima","7"
"621342","Consultorios del sector público de audiología y de terapia ocupacional, física y del lenguaje","07","Chiapas","31"
"621342","Consultorios del sector público de audiología y de terapia ocupacional, física y del lenguaje","08","Chihuahua","43"
"621342","Consultorios del sector público de audiología y de terapia ocupacional, física y del lenguaje","09","Ciudad de México","23"
"623111","Residencias del sector privado con cuidados de enfermeras para enfermos convalecientes, en rehabilitación, incurables y terminales","10","Durango","6"
"623111","Residencias del sector privado con cuidados de enfermeras para enfermos convalecientes, en rehabilitación, incurables y terminales","11","Guanajuato","8"
"623111","Residencias del sector privado con cuidados de enfermeras para enfermos convalecientes, en rehabilitación, incurables y terminales","12","Guerrero","8"
"623111","Residencias del sector privado con cuidados de enfermeras para enfermos convalecientes, en rehabilitación, incurables y terminales","13","Hidalgo","4"
"623111","Residencias del sector privado con cuidados de enfermeras para enfermos convalecientes, en rehabilitación, incurables y terminales","14","Jalisco","12"
"623111","Residencias del sector privado con cuidados de enfermeras para enfermos convalecientes, en rehabilitación, incurables y terminales","15","México","11"
"623111","Residencias del sector privado con cuidados de enfermeras para enfermos convalecientes, en rehabilitación, incurables y terminales","16","Michoacán","10"
"623111","Residencias del sector privado con cuidados de enfermeras para enfermos convalecientes, en rehabilitación, incurables y terminales","17","Morelos","3"
"623111","Residencias del sector privado con cuidados de enfermeras para enfermos convalecientes, en rehabilitación, incurables y terminales","18","Nayarit","1"
"623111","Residencias del sector privado con cuidados de enfermeras para enfermos convalecientes, en rehabilitación, incurables y terminales","19","Nuevo León","10"
"623111","Residencias del sector privado con cuidados de enfermeras para enfermos convalecientes, en rehabilitación, incurables y terminales","20","Oaxaca","2"
"623111","Residencias del sector privado con cuidados de enfermeras para enfermos convalecientes, en rehabilitación, incurables y terminales","21","Puebla","7"
"623111","Residencias del sector privado con cuidados de enfermeras para enfermos convalecientes, en rehabilitación, incurables y terminales","22","Querétaro","9"
"623111","Residencias del sector privado con cuidados de enfermeras para enfermos convalecientes, en rehabilitación, incurables y terminales","23","Quintana Roo","3"
"623111","Residencias del sector privado con cuidados de enfermeras para enfermos convalecientes, en rehabilitación, incurables y terminales","24","San Luis Potosí","10"
"623111","Residencias del sector privado con cuidados de enfermeras para enfermos convalecientes, en rehabilitación, incurables y terminales","25","Sinaloa","5"
"623111","Residencias del sector privado con cuidados de enfermeras para enfermos convalecientes, en rehabilitación, incurables y terminales","26","Sonora","13"
"623111","Residencias del sector privado con cuidados de enfermeras para enfermos convalecientes, en rehabilitación, incurables y terminales","27","Tabasco","0"
"623111","Residencias del sector privado con cuidados de enfermeras para enfermos convalecientes, en rehabilitación, incurables y terminales","28","Tamaulipas","3"
"623111","Residencias del sector privado con cuidados de enfermeras para enfermos convalecientes, en rehabilitación, incurables y terminales","29","Tlaxcala","2"
"623111","Residencias del sector privado con cuidados de enfermeras para enfermos convalecientes, en rehabilitación, incurables y terminales","30","Veracruz","12"
"623111","Residencias del sector privado con cuidados de enfermeras para enfermos convalecientes, en rehabilitación, incurables y terminales","31","Yucatán","7"
"623111","Residencias del sector privado con cuidados de enfermeras para enfermos convalecientes, en rehabilitación, incurables y terminales","32","Zacatecas","4"
"623111","Residencias del sector privado con cuidados de enfermeras para enfermos convalecientes, en rehabilitación, incurables y terminales","01","Aguascalientes","4"
"623111","Residencias del sector privado con cuidados de enfermeras para enfermos convalecientes, en rehabilitación, incurables y terminales","02","Baja California","23"
"623111","Residencias del sector privado con cuidados de enfermeras para enfermos convalecientes, en rehabilitación, incurables y terminales","03","Baja California Sur","2"
"623111","Residencias del sector privado con cuidados de enfermeras para enfermos convalecientes, en rehabilitación, incurables y terminales","04","Campeche","4"
"623111","Residencias del sector privado con cuidados de enfermeras para enfermos convalecientes, en rehabilitación, incurables y terminales","05","Coahuila","9"
"623111","Residencias del sector privado con cuidados de enfermeras para enfermos convalecientes, en rehabilitación, incurables y terminales","06","Colima","4"
"623111","Residencias del sector privado con cuidados de enfermeras para enfermos convalecientes, en rehabilitación, incurables y terminales","07","Chiapas","7"
"623111","Residencias del sector privado con cuidados de enfermeras para enfermos convalecientes, en rehabilitación, incurables y terminales","08","Chihuahua","6"
"623111","Residencias del sector privado con cuidados de enfermeras para enfermos convalecientes, en rehabilitación, incurables y terminales","09","Ciudad de México","12"
"621114","Consultorios de medicina especializada del sector público","10","Durango","1"
"621114","Consultorios de medicina especializada del sector público","11","Guanajuato","8"
"621114","Consultorios de medicina especializada del sector público","12","Guerrero","4"
"621114","Consultorios de medicina especializada del sector público","13","Hidalgo","1"
"621114","Consultorios de medicina especializada del sector público","14","Jalisco","1"
"621114","Consultorios de medicina especializada del sector público","15","México","11"
"621114","Consultorios de medicina especializada del sector público","16","Michoacán","1"
"621114","Consultorios de medicina especializada del sector público","17","Morelos","2"
"621114","Consultorios de medicina especializada del sector público","18","Nayarit","1"
"621114","Consultorios de medicina especializada del sector público","19","Nuevo León","2"
"621114","Consultorios de medicina especializada del sector público","20","Oaxaca","1"
"621114","Consultorios de medicina especializada del sector público","21","Puebla","4"
"621114","Consultorios de medicina especializada del sector público","22","Querétaro","2"
"621114","Consultorios de medicina especializada del sector público","23","Quintana Roo","1"
"621114","Consultorios de medicina especializada del sector público","24","San Luis Potosí","5"
"621114","Consultorios de medicina especializada del sector público","25","Sinaloa","2"
"621114","Consultorios de medicina especializada del sector público","26","Sonora","2"
"621114","Consultorios de medicina especializada del sector público","27","Tabasco","2"
"621114","Consultorios de medicina especializada del sector público","28","Tamaulipas","5"
"621114","Consultorios de medicina especializada del sector público","29","Tlaxcala","2"
"621114","Consultorios de medicina especializada del sector público","30","Veracruz","4"
"621114","Consultorios de medicina especializada del sector público","31","Yucatán","3"
"621114","Consultorios de medicina especializada del sector público","32","Zacatecas","3"
"621114","Consultorios de medicina especializada del sector público","01","Aguascalientes","1"
"621114","Consultorios de medicina especializada del sector público","02","Baja California","0"
"621114","Consultorios de medicina especializada del sector público","03","Baja California Sur","1"
"621114","Consultorios de medicina especializada del sector público","04","Campeche","3"
"621114","Consultorios de medicina especializada del sector público","05","Coahuila","15"
"621114","Consultorios de medicina especializada del sector público","06","Colima","2"
"621114","Consultorios de medicina especializada del sector público","07","Chiapas","7"
"621114","Consultorios de medicina especializada del sector público","08","Chihuahua","7"
"621114","Consultorios de medicina especializada del sector público","09","Ciudad de México","14"
"622312","Hospitales del sector público de otras especialidades médicas","10","Durango","3"
"622312","Hospitales del sector público de otras especialidades médicas","11","Guanajuato","1"
"622312","Hospitales del sector público de otras especialidades médicas","12","Guerrero","9"
"622312","Hospitales del sector público de otras especialidades médicas","13","Hidalgo","4"
"622312","Hospitales del sector público de otras especialidades médicas","14","Jalisco","8"
"622312","Hospitales del sector público de otras especialidades médicas","15","México","24"
"622312","Hospitales del sector público de otras especialidades médicas","16","Michoacán","5"
"622312","Hospitales del sector público de otras especialidades médicas","17","Morelos","3"
"622312","Hospitales del sector público de otras especialidades médicas","18","Nayarit","1"
"622312","Hospitales del sector público de otras especialidades médicas","19","Nuevo León","7"
"622312","Hospitales del sector público de otras especialidades médicas","20","Oaxaca","10"
"622312","Hospitales del sector público de otras especialidades médicas","21","Puebla","7"
"622312","Hospitales del sector público de otras especialidades médicas","22","Querétaro","1"
"622312","Hospitales del sector público de otras especialidades médicas","23","Quintana Roo","1"
"622312","Hospitales del sector público de otras especialidades médicas","24","San Luis Potosí","6"
"622312","Hospitales del sector público de otras especialidades médicas","25","Sinaloa","6"
"622312","Hospitales del sector público de otras especialidades médicas","26","Sonora","7"
"622312","Hospitales del sector público de otras especialidades médicas","27","Tabasco","1"
"622312","Hospitales del sector público de otras especialidades médicas","28","Tamaulipas","6"
"622312","Hospitales del sector público de otras especialidades médicas","29","Tlaxcala","0"
"622312","Hospitales del sector público de otras especialidades médicas","30","Veracruz","7"
"622312","Hospitales del sector público de otras especialidades médicas","31","Yucatán","6"
"622312","Hospitales del sector público de otras especialidades médicas","32","Zacatecas","0"
"622312","Hospitales del sector público de otras especialidades médicas","01","Aguascalientes","2"
"622312","Hospitales del sector público de otras especialidades médicas","02","Baja California","3"
"622312","Hospitales del sector público de otras especialidades médicas","03","Baja California Sur","2"
"622312","Hospitales del sector público de otras especialidades médicas","04","Campeche","2"
"622312","Hospitales del sector público de otras especialidades médicas","05","Coahuila","1"
"622312","Hospitales del sector público de otras especialidades médicas","06","Colima","2"
"622312","Hospitales del sector público de otras especialidades médicas","07","Chiapas","12"
"622312","Hospitales del sector público de otras especialidades médicas","08","Chihuahua","7"
"622312","Hospitales del sector público de otras especialidades médicas","09","Ciudad de México","24"
"623112","Residencias del sector público con cuidados de enfermeras para enfermos convalecientes, en rehabilitación, incurables y terminales","10","Durango","4"
"623112","Residencias del sector público con cuidados de enfermeras para enfermos convalecientes, en rehabilitación, incurables y terminales","11","Guanajuato","2"
"623112","Residencias del sector público con cuidados de enfermeras para enfermos convalecientes, en rehabilitación, incurables y terminales","12","Guerrero","1"
"623112","Residencias del sector público con cuidados de enfermeras para enfermos convalecientes, en rehabilitación, incurables y terminales","13","Hidalgo","3"
"623112","Residencias del sector público con cuidados de enfermeras para enfermos convalecientes, en rehabilitación, incurables y terminales","14","Jalisco","2"
"623112","Residencias del sector público con cuidados de enfermeras para enfermos convalecientes, en rehabilitación, incurables y terminales","15","México","9"
"623112","Residencias del sector público con cuidados de enfermeras para enfermos convalecientes, en rehabilitación, incurables y terminales","16","Michoacán","4"
"623112","Residencias del sector público con cuidados de enfermeras para enfermos convalecientes, en rehabilitación, incurables y terminales","17","Morelos","1"
"623112","Residencias del sector público con cuidados de enfermeras para enfermos convalecientes, en rehabilitación, incurables y terminales","18","Nayarit","0"
"623112","Residencias del sector público con cuidados de enfermeras para enfermos convalecientes, en rehabilitación, incurables y terminales","19","Nuevo León","7"
"623112","Residencias del sector público con cuidados de enfermeras para enfermos convalecientes, en rehabilitación, incurables y terminales","20","Oaxaca","4"
"623112","Residencias del sector público con cuidados de enfermeras para enfermos convalecientes, en rehabilitación, incurables y terminales","21","Puebla","3"
"623112","Residencias del sector público con cuidados de enfermeras para enfermos convalecientes, en rehabilitación, incurables y terminales","22","Querétaro","1"
"623112","Residencias del sector público con cuidados de enfermeras para enfermos convalecientes, en rehabilitación, incurables y terminales","23","Quintana Roo","0"
"623112","Residencias del sector público con cuidados de enfermeras para enfermos convalecientes, en rehabilitación, incurables y terminales","24","San Luis Potosí","3"
"623112","Residencias del sector público con cuidados de enfermeras para enfermos convalecientes, en rehabilitación, incurables y terminales","25","Sinaloa","0"
"623112","Residencias del sector público con cuidados de enfermeras para enfermos convalecientes, en rehabilitación, incurables y terminales","26","Sonora","0"
"623112","Residencias del sector público con cuidados de enfermeras para enfermos convalecientes, en rehabilitación, incurables y terminales","27","Tabasco","1"
"623112","Residencias del sector público con cuidados de enfermeras para enfermos convalecientes, en rehabilitación, incurables y terminales","28","Tamaulipas","3"
"623112","Residencias del sector público con cuidados de enfermeras para enfermos convalecientes, en rehabilitación, incurables y terminales","29","Tlaxcala","2"
"623112","Residencias del sector público con cuidados de enfermeras para enfermos convalecientes, en rehabilitación, incurables y terminales","30","Veracruz","3"
"623112","Residencias del sector público con cuidados de enfermeras para enfermos convalecientes, en rehabilitación, incurables y terminales","31","Yucatán","3"
"623112","Residencias del sector público con cuidados de enfermeras para enfermos convalecientes, en rehabilitación, incurables y terminales","32","Zacatecas","2"
"623112","Residencias del sector público con cuidados de enfermeras para enfermos convalecientes, en rehabilitación, incurables y terminales","01","Aguascalientes","1"
"623112","Residencias del sector público con cuidados de enfermeras para enfermos convalecientes, en rehabilitación, incurables y terminales","02","Baja California","1"
"623112","Residencias del sector público con cuidados de enfermeras para enfermos convalecientes, en rehabilitación, incurables y terminales","03","Baja California Sur","0"
"623112","Residencias del sector público con cuidados de enfermeras para enfermos convalecientes, en rehabilitación, incurables y terminales","04","Campeche","1"
"623112","Residencias del sector público con cuidados de enfermeras para enfermos convalecientes, en rehabilitación, incurables y terminales","05","Coahuila","3"
"623112","Residencias del sector público con cuidados de enfermeras para enfermos convalecientes, en rehabilitación, incurables y terminales","06","Colima","0"
"623112","Residencias del sector público con cuidados de enfermeras para enfermos convalecientes, en rehabilitación, incurables y terminales","07","Chiapas","2"
"623112","Residencias del sector público con cuidados de enfermeras para enfermos convalecientes, en rehabilitación, incurables y terminales","08","Chihuahua","2"
"623112","Residencias del sector público con cuidados de enfermeras para enfermos convalecientes, en rehabilitación, incurables y terminales","09","Ciudad de México","4"