sector,confianza,evidencia,nombre,provider_type,estado,ciudad,correo,sitio_web,ficha_id
"privado","alta","verificado en la web: Franquicia con canon y royalty sobre facturación (franquicias.andaconmigo.com)","Anda CONMiGO Mérida-Yucatán","clinic","Yucatán","Mérida","meridamexico@andaconmigo.com","https://andaconmigo.com/centros/anda-conmigo-merida-yucatan/","3ef0fd70-31f7-46d9-820a-02b2a655ab88"
"","duda","sin resolver: Sin figura jurídica en sitio, SAT, RFOSC ni directorios; el nombre sugiere asociación pero no hay prueba","Aprendde (Neuropsicología del Desarrollo)","school","Nuevo León","Monterrey","aprenddemx@gmail.com","https://www.aprendde.com.mx","31ecb085-fcf0-4fb9-b04f-14969081e640"
"privado","alta","verificado en la web: Tienda con carrito y cobro por Openpay; términos comerciales (aprendemonterrey.com.mx)","Aprende Monterrey (Instituto Aprende Monterrey)","school","Nuevo León","Guadalupe","aprendemonterrey@gmail.com","https://aprendemonterrey.com.mx","0dfad835-7bc3-46ed-8fa5-d14dc5aab110"
"privado","media","verificado en la web: Consultorio de persona física, aviso publicitario COFEPRIS (neuropsicologopuebla.com.mx)","Arnoldo Ríos Antonio — Centro de Neuropsicología Infantil","service_provider","Puebla","Puebla capital","magneticatranscraneale@gmail.com","https://neuropsicologopuebla.com.mx","fda141dc-effe-4de6-abb8-a7e6a0c249c1"
"social","alta","verificado en la web: Asociación de Integración y Rehabilitación de Autistas de Ensenada, A.C.","Autismo Ensenada (CAEPA)","clinic","Baja California","Ensenada","caepa@autismoensenada.com","https://autismoensenada.com/","7933eb5d-bfe1-4992-991e-20b993493399"
"social","media","verificado en la web: Directorio Autismo CDMX la describe como asociación civil; coincide correo y alcaldía","Capypee","clinic","Ciudad de México","Coyoacán","capyp@yahoo.com.mx","","d4ecc703-2f23-41d6-a87c-50425972c94f"
"","duda","sin resolver: Sin razón social, sin precios, sin A.C.; el homónimo de CDMX es otra entidad","CDTI — Centro de Diagnóstico y Terapia Integral","clinic","Puebla","Tehuacán","cdtith@gmail.com","https://www.cdti-tehuacan.com","0845fe2e-8143-49e3-80cb-2b07506dc3b3"
"privado","alta","verificado en la web: Clínica Hospital CEMAIN, S.A. de C.V., Tampico","CEMAIN — consultorio Dr. José Prudencio Carrera Sandoval","clinic","Tamaulipas","Tampico","neuroped.consulta@gmail.com","","005cc220-ee77-46cb-9b2c-bc9a917fdfe4"
"privado","media","verificado en la web: Práctica particular abierta por Pricila Vizcaíno (centerforbrain.com)","Center for Brain Monterrey","clinic","Nuevo León","San Pedro Garza García","pricila@centerforbrain.com","https://www.centerforbrainmty.com","6ed61ca9-f876-4b62-9ba2-65c1c45c9ae7"
"privado","media","verificado en la web: Consultorio unipersonal de Iliana Saavedra, con agenda de citas","Centro de Neurodesarrollo Infantil (Iliana Saavedra Tenorio)","clinic","Yucatán","Mérida","ilianast@yahoo.com.mx","https://centro-de-neurodesarrollo-infantil-merida.ueniweb.com/","b99029fe-0739-4d2e-ac12-6c28bdc3ae0b"
"privado","media","verificado en la web: Clínica con dirección propia; ojo: su dominio está secuestrado hoy","Centro de Psicología Infantil","clinic","Puebla","Puebla capital","info@centrodepsicologiainfantil.com.mx","https://www.centrodepsicologiainfantil.com.mx","c02c09b1-93c5-45bb-aa5f-a6dcd7f4f8a6"
"","duda","sin resolver: Sin figura jurídica en SAT, RFOSC, Facebook, Sección Amarilla ni veracruzinclusivo","Centro Mexicano para la Neurodiversidad y el Autismo INTEGRA","clinic","Veracruz","Xalapa","centrointegramex@gmail.com","","6810376d-4637-4840-8dcc-43b255ac01fc"
"","duda","sin resolver: Sin figura jurídica en SAT, RFOSC ni DENUE; IG y FB sin siglas, sin precios ni donativos","Centro Milak","clinic","Michoacán","Morelia","centromilak@gmail.com","https://www.centromilak.com/","a87749cd-549e-4037-b56a-a164dae498cb"
"privado","media","verificado en la web: Centro con agenda de citas y correo propio, sin A.C. ni donativos (centropiee.com)","Centro PIEE — Psicología Infantil y Educación Especial","clinic","Jalisco","Guadalajara","citas@centropiee.com","https://centropiee.com/","54eeda24-f4db-48c1-8c2e-e203eb82ae0c"
"privado","media","verificado en la web: Fundadora con dirección general y área de contabilidad propia (centrorio.com)","Centro Río","clinic","Tamaulipas","Heroica Matamoros","contacto@centrorio.com","https://centrorio.com/","5aa71339-8afc-41f1-9fb2-9f82c5c10e01"
"privado","media","verificado en la web: Cobra por servicio: tarifa y pago con tarjeta o efectivo","Centro Terapéutico Integral Crea Tu Mundo Autismo","clinic","Ciudad de México","Magdalena Contreras","contacto@creatumundo.com.mx","","22a1d020-83e9-464e-81fd-9946187c634b"
"privado","alta","verificado en la web: Franquicia: Centro de Entrenamiento Psicológico Infantil, S.C.","CEPI Reynosa — Centro de Atención Psicológica Infantil","clinic","Tamaulipas","Reynosa","contacto@cepireynosa.com","https://reynosa.centroscepi.com/","57318ba3-ac91-423c-a7dc-cc0cfd440a15"
"social","alta","verificado en la web: Centro de Integración Sensorial A.C. (cisacautismo.org)","CISAC — Centro Integral de Servicios de Apoyo para personas con autismo","school","Ciudad de México","","cisac.edu@gmail.com","https://www.cisacautismo.org/","0b18f504-7890-4561-98fa-9d947903c797"
"privado","alta","verificado en la web: Alta Tecnología en Salud Auditiva, S.A. de C.V. (aviso de privacidad)","Clínicas Audiológicas Oír Bien Veracruz","clinic","Veracruz","Boca del Río","terapia.veracruz@clinicasob.com","https://www.clinicasob.com","9a6c55de-794e-4540-b728-862aee871bff"
"social","media","verificado en la web: Aparece como CRECE: Autismo y Discapacidad Intelectual A.C.; FB Asociación Crece","CRECE: Autismo y Discapacidad Intelectual","clinic","Veracruz","Xalapa","crecexalapa@gmail.com","","d3e3399b-a02f-40d9-9119-580c3c901c45"
"privado","alta","persona física con título","Dr. Arturo Garza Peña","service_provider","Nuevo León","San Pedro Garza García","info@drarturogarza.com","https://drarturogarza.com","6e105942-f30e-44ca-bfad-45d2c4309559"
"privado","alta","persona física con título","Dr. Carlos Pimentel Negrón","service_provider","Michoacán","Morelia","carlosrpn1@gmail.com","https://carlosrpn1.wixsite.com/neurologopediatra","4fe0f156-735d-498a-86b7-4bec788dca79"
"privado","alta","persona física con título","Dr. Enrique Camarena Robles — Psiquiatría Infantil","service_provider","Ciudad de México","Benito Juárez","consultas@doctorcamarena.mx","https://www.doctorcamarena.mx/","be8b9fb7-698a-4a8d-9ba5-b76650ac0ddf"
"privado","alta","persona física con título","Dr. Gustavo Hernández Martínez — Centro Neurológico Infantil (CENISAT)","service_provider","Veracruz","Xalapa","cenisat@gmail.com","","4cdb0854-2c4b-4067-a52b-f7daaaeb59cc"
"privado","alta","persona física con título","Dr. Isrrael Salazar Alpuche — Neurofisiología Clínica","service_provider","Ciudad de México","Tlalpan","israelticul@hotmail.com","https://www.neurofisiologiacdmx.com/index.html","3bbf780e-1e20-4dba-80c8-dee2ac11aa6a"
"privado","alta","persona física con título","Dr. Jesús Gómez Plascencia y Castillo","service_provider","Jalisco","Guadalajara","gomezpyc@gmail.com","https://drjesusgomez.wixsite.com/neurologiapediatrica","773616cb-5d2f-4b8f-a421-08c86f3dba46"
"privado","alta","persona física con título","Dr. Luis Freyre Cáceres — Centro Psicológico DIME","service_provider","Veracruz","Veracruz","contacto@centrodime.mx","https://centrodime.mx/","19ad8ec4-317b-4c98-97e3-bd5359d1e658"
"privado","alta","persona física con título","Dra. Iris Magaly Gallardo Vázquez","service_provider","Baja California","Mexicali","terafi.mxl@gmail.com","https://www.rehabilitaciondrairis.com.mx/","10ed1c68-6c98-417c-9063-2c7c3110e164"
"","duda","sin resolver: Solo ficha de directorio con rango de precios; sin figura jurídica en SAT ni RFOSC","ECO Atención a la Neurodiversidad","clinic","Querétaro","Santiago de Querétaro","eco.neurodiversidad@gmail.com","","4b27af90-f139-42b4-8569-5573186849f1"
"","duda","sin resolver: Sitio sin aviso de privacidad ni razón social; nada en RFOSC, DENUE ni Sección Amarilla","Everland","clinic","Nuevo León","Monterrey","everlandmty@outlook.com","https://everlandmty.mx","84676949-9cc0-4e6b-87d8-cdac3894cc74"
"social","alta","verificado en la web: Grupo de Atención Multidisciplinaria para el Autismo A.C.; handles @gamamxac","Grupo de Atención Multidisciplinaria para el Autismo (GAMA)","clinic","Ciudad de México","Benito Juárez","gamamxac@gmail.com","","10e4d3b3-b2fa-4ad4-bf6a-1baf012a36aa"
"social","alta","verificado en la web: Instituto de Rehabilitación y Educación Especial de León, Gto. A.C., sin fines de lucro","Instituto de Rehabilitación y Educación Especial de León (I.R.E.E.)","school","Guanajuato","León","contacto@institutoireeleon.com.mx","http://institutoireeleon.com.mx","8444f121-110c-431c-8349-13faee451f0c"
"","duda","sin resolver: Sin colegiatura publicada, sin figura jurídica en RFOSC ni en directorios","Kuali Home School","school","Ciudad de México","Cuajimalpa","kuali.home@gmail.com","","69cca079-44c6-42fd-970c-8a22ac905aaf"
"privado","media","verificado en la web: Centro con agenda de citas, correo gmail, sin figura jurídica ni donativos","Medicina Cognitiva","clinic","Ciudad de México","Tlalpan","medicinacognitiva@gmail.com","https://medicinacognitiva.com.mx/","c7565f4d-6af0-4b90-8d83-2fe00fca95c3"
"privado","alta","persona física con título","Mtra. Yeimy Rocío Ávila Pontón","service_provider","Chiapas","Tuxtla Gutiérrez","info@bienestar-unete.com","https://bienestar-unete.com","6e7b4b53-a800-4fb7-bc1e-2acbed9b83d3"
"privado","media","verificado en la web: Práctica personal de la psicóloga titular: IG y correo personales en el pie","Neuro Kids Puebla","clinic","Puebla","Puebla capital (Zavaleta)","giny.valdez@gmail.com","https://neurokidspuebla.com","38c6d495-fbf4-4c63-8702-1434a33a52b9"
"","duda","sin resolver: Sin figura jurídica, precios ni donatarias; solo ficha de directorio","Neurobica Smart Kids","clinic","Veracruz","Orizaba","clarrca@hotmail.com","","3f75fffb-8a40-468d-9c35-ce01649abb0f"
"privado","alta","verificado en la web: Neuro Industrias, S.A. de C.V. (aviso de privacidad de neurocenter.mx)","Neurocenter","clinic","Nuevo León","Monterrey","hola@neurocenter.mx","https://neurocenter.mx/","05ba4dd5-a637-42de-9338-00a83bb3cce6"
"","duda","sin resolver: Escuela sin colegiatura ni donativos publicados; sin A.C. en FB, SAT ni RFOSC","Neurodiversos","school","Veracruz","Veracruz","neurodiversosveracruz@gmail.com","","8e7aa301-1be7-49ee-8878-3f1b74dcabb7"
"privado","alta","verificado en la web: Tienda con precios en pesos y pago con tarjeta a meses (neurofeedbackgdl.com)","Neurofeedback Guadalajara","clinic","Jalisco","Guadalajara","info@neurofeedbackgdl.com","https://www.neurofeedbackgdl.com/","d8a1256f-2c35-4ccf-ae55-53fd46ea9923"
"","duda","sin resolver: Solo registro COFEPRIS; sin aviso de privacidad, razón social ni precios","NeuroKinetic Childhood Center","clinic","Jalisco","Zapopan","contacto@neurokinetic.mx","https://www.neurokinetic.mx/","5b920b5c-99e2-45df-ad7b-f7329895e010"
"privado","alta","persona física con título","Neuropsic. Sofía Torres Guerrero","service_provider","Yucatán","Mérida","info@psicomerida.com","https://psicomerida.com/","ed5c80b5-42d8-48dd-8bae-98729b2c55bc"
"","duda","sin resolver: Directorio dice sin fines de lucro, pero el nombre es de un psicólogo en ejercicio: contradicción sin resolver","Proyecto A (Psic. Omar Ispe)","service_provider","Ciudad de México","Gustavo A. Madero","psic_omarispe@hotmail.com","","e497f3a3-ddfa-45df-9e3c-f2d6111beaaf"
"","duda","sin resolver: Sin sitio, sin figura jurídica ni precios; solo ficha de directorio","Psinapsis Clínica de Integración Sensorial y Neurodesarrollo","clinic","Veracruz","Boca del Río","psinapsis.contacto@gmail.com","","70d22ba9-d5c7-4aaa-b4b3-326fdbf0ecfc"
"privado","alta","verificado en la web: Se define como centro de atención privado en rehabilitación (clinicarie.com)","RIE — Rehabilitación Integral Especializada","clinic","Guanajuato","Celaya","riebajio@gmail.com","https://www.clinicarie.com","94005eb5-bf86-4590-a31b-92f3219a1eeb"
"privado","alta","verificado en la web: Centros de Terapias para el desarrollo del Ser, S.C. (aviso de privacidad)","Therapy Center Mexico (TCM)","clinic","Querétaro","Santiago de Querétaro","contacto@therapycentermexico.com.mx","https://www.therapycentermexico.com.mx/","3d4287c2-78a6-4b67-9e52-3f740d53e303"